{"train_accuracy":0.22314575611217194,"epoch":1,"train_loss":1.7553036831350854,"_wandb":{"runtime":489},"batch_loss":1.6260063648223877,"_timestamp":1.741994815858091e+09,"_runtime":489.308414,"_step":1670}