{"_timestamp":1.7417363786814651e+09,"_runtime":0.836885,"_step":7,"acc":0.75635208231904,"_wandb":{"runtime":0},"loss":0.19419503770950383}