{"avg_train_accuracy":0.6244337114830207,"avg_val_accuracy":0.5920934411500449,"_step":28307,"train_batch_losses":0.852641224861145,"test_accuracy":0.5896975142258161,"_wandb":{"runtime":9248},"_runtime":9248.899713,"val_batch_losses":1.2246254682540894,"avg_val_loss":1.0860207246141755,"test_batch_loss":1.541111707687378,"_timestamp":1.742254149498283e+09,"train_loss":0.9848102549950648,"test_loss":1.084793109742422}