{"_wandb":{"runtime":5560},"_step":28201,"train_batch_losses":1.383718490600586,"avg_val_accuracy":0.5396825396825397,"train_loss":1.0920944139598492,"avg_val_loss":1.1909896802245303,"_runtime":5559.884781,"val_batch_losses":1.1197963953018188,"_timestamp":1.7421904867174249e+09,"avg_train_accuracy":0.575835860571343}