{"_wandb":{"runtime":8800},"train_loss":0.8638080667541574,"_timestamp":1.742264010468249e+09,"_step":28307,"test_batch_loss":1.1996277570724487,"test_loss":1.0945051351540387,"_runtime":8800.431902,"val_batch_losses":1.2774391174316406,"avg_val_loss":1.0925999333237988,"avg_train_accuracy":0.6696619117151522,"avg_val_accuracy":0.5938903863432166,"test_accuracy":0.6031746031746031,"train_batch_losses":1.0812605619430542}