{"_step":18907,"val_batch_losses":2.0473835468292236,"train_loss":1.429096718140474,"avg_val_accuracy":0.44624138963761606,"avg_train_accuracy":0.43015462952562805,"test_accuracy":0.44354597184785866,"avg_val_loss":1.4064719247118231,"_runtime":3758.8861,"_timestamp":1.742205615847429e+09,"test_batch_loss":1.2383989095687866,"_wandb":{"runtime":3758},"train_batch_losses":1.3126070499420166,"test_loss":1.4119533703119393}