{"train_loss":0.9702341283508963,"avg_train_accuracy":0.6247332359878692,"avg_val_accuracy":0.5747229709493861,"avg_val_loss":1.135468166025858,"_step":28201,"_wandb":{"runtime":6089},"val_batch_losses":0.778810441493988,"_timestamp":1.742197324584969e+09,"_runtime":6089.027785,"train_batch_losses":0.8572371602058411}