{"_step":18907,"test_loss":1.142888189647397,"_wandb":{"runtime":3827},"avg_train_accuracy":0.5919353027069527,"val_batch_losses":1.1783301830291748,"train_batch_losses":0.9689247608184814,"avg_val_accuracy":0.5525606469002695,"test_batch_loss":0.9894300699234009,"train_loss":1.0527117005620679,"test_accuracy":0.5648397723869422,"_timestamp":1.742201461112152e+09,"_runtime":3827.568315,"avg_val_loss":1.1574113828830999}