{"abg_val_loss":1.7835035242695907,"val_batch_losses":1.7562003135681152,"avg_train_accuracy":0.18956157100602794,"train_loss":1.843591687590829,"_runtime":169.264501,"train_batch_losses":1.7562768459320068,"_timestamp":1.7419368246699562e+09,"avg_val_accuracy":0.1961665169212339,"_wandb":{"runtime":169},"_step":941}