{"train loss":99,"validation loss":99.81293744998227,"_timestamp":1.741840078846404e+09,"_runtime":10.892051,"_step":99,"_wandb":{"runtime":11}}