{"avg_train_accuracy":0.6057134299299861,"train_loss":1.0341181722327883,"train_batch_losses":0.888559877872467,"test_batch_loss":1.024735689163208,"test_accuracy":0.5408805031446541,"_runtime":5009.194021,"_timestamp":1.742243049940753e+09,"val_batch_losses":0.6995768547058105,"_wandb":{"runtime":5009},"_step":28307,"avg_val_accuracy":0.5396825396825397,"test_loss":1.2164856320764177,"avg_val_loss":1.219030213591652}